{"_wandb": {"runtime": 3}, "accuracy": 0.1325, "mean_rate": 0.0760546875, "mean_weights": 0.0014528960802384365, "_timestamp": 1710229803.0290267, "_runtime": 4.649340629577637, "_step": 7}