{"_wandb": {"runtime": 20}, "accuracy": 0.1625, "mean_rate": 0.68921875, "mean_weights": 0.0019228021725604953, "_timestamp": 1710229424.3831596, "_runtime": 19.31815266609192, "_step": 0}