{"_wandb": {"runtime": 3}, "accuracy": 0.1075, "mean_rate": 0.08167258522727272, "mean_weights": 0.0015246508004191739, "_timestamp": 1710229686.321366, "_runtime": 5.095301151275635, "_step": 5}