{"accuracy": null, "mean_rate": true, "_timestamp": 1710230550.9124734, "_runtime": 5.531250476837158, "_step": 0, "_wandb": {"runtime": 3}}