{"_wandb": {"runtime": 4}, "accuracy": 0.1175, "mean_rate": 0.07321377840909091, "mean_weights": 0.0013888525862266793, "_timestamp": 1710229936.435918, "_runtime": 5.451767206192017, "_step": 9}