{"_wandb": {"runtime": 3}, "accuracy": 0.1225, "mean_rate": 0.08095880681818182, "mean_weights": 0.0014881466760156834, "_timestamp": 1710229744.4280417, "_runtime": 4.79563570022583, "_step": 6}