{"_wandb": {"runtime": 3}, "accuracy": 0.135, "mean_rate": 0.11571732954545455, "mean_weights": 0.0016652824886754282, "_timestamp": 1710229531.868355, "_runtime": 4.487385034561157, "_step": 2}