{"_wandb": {"runtime": 3}, "accuracy": 0.1075, "mean_rate": 0.07503551136363637, "mean_weights": 0.0014205512245988362, "_timestamp": 1710229868.079809, "_runtime": 4.745998859405518, "_step": 8}