{"_wandb": {"runtime": 5}, "accuracy": 0.17, "mean_rate": 0.17182528409090908, "mean_weights": 0.0017424165898075764, "_timestamp": 1710229466.3710864, "_runtime": 4.657892465591431, "_step": 1}