{"_wandb": {"runtime": 3}, "accuracy": 0.1325, "mean_rate": 0.09741122159090909, "mean_weights": 0.0016105048169059318, "_timestamp": 1710229578.7192135, "_runtime": 4.7952964305877686, "_step": 3}