{"_wandb": {"runtime": 3}, "accuracy": 0.115, "mean_rate": 0.08748579545454545, "mean_weights": 0.0015653120544791136, "_timestamp": 1710229629.9035506, "_runtime": 4.610908508300781, "_step": 4}