{"accuracy": 0.1175, "mean_rate": true, "_timestamp": 1710230560.7430685, "_runtime": 5.514825344085693, "_step": 0, "_wandb": {"runtime": 3}}